<?xml version="1.0" encoding="UTF-8"?>
<project-private xmlns="http://www.netbeans.org/ns/project-private/1">
    <editor-bookmarks xmlns="http://www.netbeans.org/ns/editor-bookmarks/2" lastBookmarkId="0"/>
    <open-files xmlns="http://www.netbeans.org/ns/projectui-open-files/2">
        <group>
            <file>file:/Applications/MAMP/htdocs/CastellaneTravel/index.php</file>
            <file>file:/Applications/MAMP/htdocs/CastellaneTravel/controller/gestion_societe.php</file>
            <file>file:/Applications/MAMP/htdocs/CastellaneTravel/controller/gestion_produit.php</file>
            <file>file:/Applications/MAMP/htdocs/CastellaneTravel/controller/gestion_auth.php</file>
            <file>file:/Applications/MAMP/htdocs/CastellaneTravel/include/header1.php</file>
        </group>
    </open-files>
</project-private>
